row,item_num,location,media-id,guest-media-id,date,img/vid
row-100,4,Epcot,762961636,1201323983,2021-10-15 16:18:14+00:00,img
row-101,1,Epcot,762961631,1201323982,2021-10-15 16:18:13+00:00,img
row-101,2,Epcot,762961641,1201323981,2021-10-15 16:18:12+00:00,img
row-101,3,Main Street Train Station,298210453,908308270,2019-08-01 16:30:20+00:00,video
row-92,2,The Tree of Life,848710605,1292332283,2022-05-28 13:18:47+00:00,img
row-93,1,The Tree of Life,848710535,1292332192,2022-05-28 13:18:45+00:00,img
row-93,2,The Tree of Life,848710544,1292332201,2022-05-28 13:18:45+00:00,img
row-93,3,The Tree of Life,848710536,1292332193,2022-05-28 13:18:45+00:00,img
row-94,1,The Tree of Life,848710537,1292332194,2022-05-28 13:18:45+00:00,img
row-94,2,The Tree of Life,848710742,1292332416,2022-05-28 13:18:44+00:00,img
row-94,3,Epcot Entrance,763473071,1201839439,2021-10-17 02:43:07+00:00,img
row-95,1,Epcot Entrance,763473007,1201839384,2021-10-17 02:42:31+00:00,img
row-95,2,Epcot Entrance,763472992,1201829216,2021-10-17 02:42:17+00:00,img
row-96,1,Epcot Entrance,763472989,1201829215,2021-10-17 02:42:15+00:00,img
row-96,2,Epcot Entrance,763472990,1201829214,2021-10-17 02:42:13+00:00,img
row-96,3,Epcot Entrance,763472986,1201829213,2021-10-17 02:42:12+00:00,img
row-97,1,Epcot Entrance,763472984,1201829212,2021-10-17 02:42:10+00:00,img
row-97,2,Epcot Entrance,763106287,1201466711,2021-10-15 22:22:27+00:00,img
row-97,3,Epcot Entrance,763106299,1201466710,2021-10-15 22:22:22+00:00,img
row-97,4,Epcot Entrance,763106293,1201466709,2021-10-15 22:22:18+00:00,img
row-98,1,Epcot Entrance,763106289,1201466708,2021-10-15 22:22:16+00:00,img
row-98,2,Epcot Entrance,763106292,1201499898,2021-10-15 22:22:15+00:00,img
row-98,3,France at Epcot,763090130,1201486667,2021-10-15 21:36:24+00:00,img
row-98,4,France at Epcot,763089969,1201486678,2021-10-15 21:36:01+00:00,img
row-99,1,Test Track,763027334,1201391166,2021-10-15 18:49:22+00:00,img
row-99,2,Epcot,762961670,1201323987,2021-10-15 16:18:39+00:00,img
row-99,3,Epcot,762961664,1201323986,2021-10-15 16:18:37+00:00,img
row-100,1,Epcot,762961637,1201323985,2021-10-15 16:18:35+00:00,img
row-100,2,Epcot,762961633,1201400042,2021-10-15 16:18:23+00:00,img
row-100,3,Epcot,762961635,1201323984,2021-10-15 16:18:15+00:00,img
row-82,1,The Oasis,848910530,1292529485,2022-05-28 18:44:52+00:00,img
row-82,2,The Tree of Life,848736500,1292356449,2022-05-28 13:37:51+00:00,video
row-82,3,The Tree of Life,848710963,1292346982,2022-05-28 13:19:44+00:00,img
row-83,1,The Tree of Life,848710928,1292332526,2022-05-28 13:19:36+00:00,img
row-83,2,The Tree of Life,848710879,1292332507,2022-05-28 13:19:35+00:00,img
row-84,1,The Tree of Life,848710947,1292332541,2022-05-28 13:19:34+00:00,img
row-84,2,The Tree of Life,848710970,1292332568,2022-05-28 13:19:33+00:00,img
row-84,3,The Tree of Life,848710989,1292332590,2022-05-28 13:19:32+00:00,img
row-85,1,The Tree of Life,848710802,1292332471,2022-05-28 13:19:28+00:00,img
row-85,2,The Tree of Life,848710793,1292332464,2022-05-28 13:19:27+00:00,img
row-86,1,The Tree of Life,848710814,1292332484,2022-05-28 13:19:26+00:00,img
row-86,2,The Tree of Life,848710789,1292332458,2022-05-28 13:19:24+00:00,img
row-87,1,The Tree of Life,848710787,1292332456,2022-05-28 13:19:23+00:00,img
row-87,2,The Tree of Life,848710786,1292332455,2022-05-28 13:19:23+00:00,img
row-87,3,The Tree of Life,848710772,1292332438,2022-05-28 13:19:22+00:00,img
row-87,4,The Tree of Life,848710736,1292346985,2022-05-28 13:19:09+00:00,img
row-88,1,The Tree of Life,848710794,1292332465,2022-05-28 13:19:00+00:00,img
row-88,2,The Tree of Life,848710759,1292332428,2022-05-28 13:19:00+00:00,img
row-89,1,The Tree of Life,848710746,1292332418,2022-05-28 13:18:59+00:00,img
row-89,2,The Tree of Life,848710668,1292332349,2022-05-28 13:18:58+00:00,img
row-89,3,The Tree of Life,848710733,1292332404,2022-05-28 13:18:57+00:00,img
row-90,1,The Tree of Life,848710743,1292332417,2022-05-28 13:18:56+00:00,img
row-90,2,The Tree of Life,848710722,1292332393,2022-05-28 13:18:50+00:00,img
row-91,1,The Tree of Life,848710732,1292332403,2022-05-28 13:18:50+00:00,img
row-91,2,The Tree of Life,848710758,1292332427,2022-05-28 13:18:49+00:00,img
row-92,1,The Tree of Life,848710607,1292332285,2022-05-28 13:18:48+00:00,img
row-71,2,Epcot Entrance,849446810,1293093944,2022-05-29 21:11:04+00:00,img
row-72,1,Epcot Entrance,849446767,1293093899,2022-05-29 21:11:01+00:00,img
row-72,2,Epcot Entrance,849446765,1293093892,2022-05-29 21:10:58+00:00,img
row-72,3,Epcot Entrance,849446754,1293093879,2022-05-29 21:10:57+00:00,img
row-73,1,Space Mountain,849383044,1293045276,2022-05-29 19:19:04+00:00,img
row-73,2,Plaza Garden West,849324927,1292969193,2022-05-29 17:39:43+00:00,img
row-74,1,Plaza Garden West,849324861,1292969126,2022-05-29 17:39:42+00:00,img
row-74,2,Plaza Garden West,849324772,1292969027,2022-05-29 17:39:39+00:00,img
row-75,1,Plaza Garden West,849324729,1292968972,2022-05-29 17:39:36+00:00,img
row-75,2,Plaza Garden West,849324726,1292968970,2022-05-29 17:39:36+00:00,img
row-76,1,Plaza Garden West,849324686,1292968929,2022-05-29 17:39:30+00:00,img
row-76,2,Plaza Garden West,849324679,1292968919,2022-05-29 17:39:29+00:00,img
row-76,3,Plaza Garden West,849324638,1292968887,2022-05-29 17:39:26+00:00,img
row-76,4,Plaza Garden West,849324639,1292968888,2022-05-29 17:39:25+00:00,img
row-77,1,Adventureland,849321263,1292965849,2022-05-29 17:34:20+00:00,img
row-77,2,Adventureland,849321245,1292965834,2022-05-29 17:34:19+00:00,img
row-77,3,Adventureland,849321039,1293076816,2022-05-29 17:34:18+00:00,img
row-78,1,Adventureland,849320832,1292965433,2022-05-29 17:34:01+00:00,img
row-78,2,Adventureland,849320728,1292965348,2022-05-29 17:33:57+00:00,img
row-78,3,Adventureland,849320709,1292965330,2022-05-29 17:33:55+00:00,img
row-79,1,Adventureland,849320594,1292965261,2022-05-29 17:33:52+00:00,img
row-79,2,The Oasis,848910763,1292529711,2022-05-28 18:44:57+00:00,img
row-80,1,The Oasis,848910612,1292529548,2022-05-28 18:44:57+00:00,img
row-80,2,The Oasis,848910845,1292529732,2022-05-28 18:44:56+00:00,img
row-81,1,The Oasis,848910702,1292529665,2022-05-28 18:44:54+00:00,img
row-81,2,The Oasis,848910759,1292529709,2022-05-28 18:44:53+00:00,img
row-61,3,Millennium Falcon,849806496,1293492790,2022-05-30 18:29:21+00:00,img
row-62,1,Outer reaches of the galaxy,849781873,1293623428,2022-05-30 17:53:11+00:00,img
row-62,2,Outer reaches of the galaxy,849781820,1293470251,2022-05-30 17:53:03+00:00,img
row-62,3,Outer reaches of the galaxy,849781784,1293470214,2022-05-30 17:53:02+00:00,img
row-63,1,Outer reaches of the galaxy,849781832,1293470272,2022-05-30 17:53:01+00:00,img
row-63,2,Outer reaches of the galaxy,849781621,1293623429,2022-05-30 17:52:47+00:00,img
row-64,1,Outer reaches of the galaxy,849781391,1293469728,2022-05-30 17:52:24+00:00,img
row-64,2,Outer reaches of the galaxy,849781356,1293469684,2022-05-30 17:52:21+00:00,img
row-65,1,Outer reaches of the galaxy,849781162,1293469508,2022-05-30 17:52:11+00:00,img
row-65,2,Outer reaches of the galaxy,849781127,1293469472,2022-05-30 17:52:07+00:00,img
row-66,1,Outer reaches of the galaxy,849781130,1293469475,2022-05-30 17:52:06+00:00,img
row-66,2,World Showcase,849450846,1293097384,2022-05-29 21:18:51+00:00,img
row-67,1,World Showcase,849450852,1293097390,2022-05-29 21:18:50+00:00,img
row-67,2,World Showcase,849450801,1293097355,2022-05-29 21:18:38+00:00,img
row-67,3,World Showcase,849450803,1293097359,2022-05-29 21:18:37+00:00,img
row-68,1,World Showcase,849450804,1293097360,2022-05-29 21:18:35+00:00,img
row-68,2,World Showcase,849450812,1293097366,2022-05-29 21:18:31+00:00,img
row-68,3,World Showcase,849450490,1293097126,2022-05-29 21:18:09+00:00,img
row-68,4,World Showcase,849450659,1293097214,2022-05-29 21:18:06+00:00,img
row-69,1,World Showcase,849450635,1293097195,2022-05-29 21:18:04+00:00,img
row-69,2,World Showcase,849450656,1293097209,2022-05-29 21:18:00+00:00,img
row-69,3,Epcot Entrance,849447078,1293094163,2022-05-29 21:11:33+00:00,img
row-69,4,Epcot Entrance,849447042,1293094134,2022-05-29 21:11:30+00:00,img
row-70,1,Epcot Entrance,849447037,1293094117,2022-05-29 21:11:27+00:00,img
row-70,2,Epcot Entrance,849447022,1293094106,2022-05-29 21:11:26+00:00,img
row-71,1,Epcot Entrance,849446824,1293093958,2022-05-29 21:11:07+00:00,img
row-50,2,Hollywood Boulevard,849932147,1293616678,2022-05-30 22:06:29+00:00,img
row-50,3,Hollywood Boulevard,849932146,1293616677,2022-05-30 22:06:29+00:00,img
row-51,1,Hollywood Boulevard,849932161,1293616686,2022-05-30 22:06:29+00:00,img
row-51,2,Hollywood Boulevard,849932148,1293616679,2022-05-30 22:06:29+00:00,img
row-51,3,Star Wars Launch Bay,849856405,1293698837,2022-05-30 19:49:51+00:00,img
row-52,1,Star Wars Launch Bay,849856394,1293698834,2022-05-30 19:49:29+00:00,img
row-52,2,Star Wars Launch Bay,849856151,1293541263,2022-05-30 19:49:14+00:00,img
row-53,1,Star Wars Launch Bay,849856148,1293541262,2022-05-30 19:49:12+00:00,img
row-53,2,Star Wars Launch Bay,849856404,1293541476,2022-05-30 19:49:10+00:00,img
row-54,1,Star Wars Launch Bay,849856322,1293541406,2022-05-30 19:49:06+00:00,img
row-54,2,Star Wars Launch Bay,849856386,1293541461,2022-05-30 19:49:05+00:00,img
row-54,3,Star Wars Launch Bay,849856368,1293541447,2022-05-30 19:49:02+00:00,img
row-55,1,Star Wars Launch Bay,849856147,1293541261,2022-05-30 19:49:00+00:00,img
row-55,2,Millennium Falcon,849807101,1293653400,2022-05-30 18:30:20+00:00,img
row-56,1,Millennium Falcon,849807076,1293493312,2022-05-30 18:30:02+00:00,img
row-56,2,Millennium Falcon,849806909,1293493241,2022-05-30 18:30:01+00:00,img
row-57,1,Millennium Falcon,849806858,1293493190,2022-05-30 18:29:59+00:00,img
row-57,2,Millennium Falcon,849806764,1293493079,2022-05-30 18:29:45+00:00,img
row-58,1,Millennium Falcon,849806737,1293493047,2022-05-30 18:29:44+00:00,img
row-58,2,Millennium Falcon,849806723,1293493037,2022-05-30 18:29:43+00:00,img
row-59,1,Millennium Falcon,849806568,1293492870,2022-05-30 18:29:25+00:00,img
row-59,2,Millennium Falcon,849806579,1293492879,2022-05-30 18:29:24+00:00,img
row-60,1,Millennium Falcon,849818299,1293503595,2022-05-30 18:29:23+00:00,video
row-60,2,Millennium Falcon,849806520,1293492808,2022-05-30 18:29:23+00:00,img
row-61,1,Millennium Falcon,849806497,1293492791,2022-05-30 18:29:21+00:00,img
row-61,2,Millennium Falcon,849806498,1293492792,2022-05-30 18:29:21+00:00,img
row-40,2,Epcot Entrance,850422741,1294146540,2022-05-31 23:09:37+00:00,img
row-41,1,Epcot Entrance,850422701,1294146500,2022-05-31 23:09:34+00:00,img
row-41,2,Epcot Entrance,850422687,1294146474,2022-05-31 23:09:29+00:00,img
row-42,1,Epcot Entrance,850422649,1294146431,2022-05-31 23:09:27+00:00,img
row-42,2,Epcot Entrance,850422659,1294146439,2022-05-31 23:09:26+00:00,img
row-43,1,Epcot Entrance,850422616,1294146407,2022-05-31 23:09:21+00:00,img
row-43,2,Guardians of the Galaxy Cosmic Rewind,850260340,1293979758,2022-05-31 18:24:48+00:00,img
row-44,1,China at Epcot,850178409,1293897691,2022-05-31 16:15:33+00:00,img
row-44,2,China at Epcot,850178390,1293897672,2022-05-31 16:15:32+00:00,img
row-44,3,China at Epcot,850178323,1293897585,2022-05-31 16:15:30+00:00,img
row-45,1,China at Epcot,850178308,1293897563,2022-05-31 16:15:26+00:00,img
row-45,2,China at Epcot,850178210,1293897466,2022-05-31 16:15:21+00:00,img
row-46,1,China at Epcot,850178966,1293898644,2022-05-31 16:15:19+00:00,img
row-46,2,China at Epcot,850178250,1293897504,2022-05-31 16:15:18+00:00,img
row-47,1,China at Epcot,850178252,1293897509,2022-05-31 16:15:17+00:00,img
row-47,2,Frozen Ever After,850157690,1293881861,2022-05-31 15:43:12+00:00,img
row-47,3,Hollywood Boulevard,849940475,1293624254,2022-05-30 22:22:59+00:00,img
row-48,1,Hollywood Boulevard,849932397,1293616928,2022-05-30 22:07:02+00:00,img
row-48,2,Hollywood Boulevard,849932404,1293616932,2022-05-30 22:07:02+00:00,img
row-48,3,Hollywood Boulevard,849932375,1293616909,2022-05-30 22:06:58+00:00,img
row-48,4,Hollywood Boulevard,849932384,1293616918,2022-05-30 22:06:58+00:00,img
row-49,1,Hollywood Boulevard,849932342,1293616888,2022-05-30 22:06:55+00:00,img
row-49,2,Hollywood Boulevard,849932348,1293616894,2022-05-30 22:06:54+00:00,img
row-49,3,Hollywood Boulevard,849932322,1293616866,2022-05-30 22:06:53+00:00,img
row-49,4,Hollywood Boulevard,849932164,1293616699,2022-05-30 22:06:31+00:00,img
row-50,1,Hollywood Boulevard,849932151,1293616680,2022-05-30 22:06:31+00:00,img
row-28,3,Bibbidi Bobbidi Boutique,872333064,1314907805,2022-07-17 23:28:06+00:00,img
row-29,1,Bibbidi Bobbidi Boutique,872333054,1314907800,2022-07-17 23:28:03+00:00,img
row-29,2,Bibbidi Bobbidi Boutique,872332870,1314907628,2022-07-17 23:27:37+00:00,img
row-30,1,Bibbidi Bobbidi Boutique,872332867,1314907617,2022-07-17 23:27:36+00:00,img
row-30,2,Bibbidi Bobbidi Boutique,872332821,1314907573,2022-07-17 23:27:29+00:00,img
row-31,1,Bibbidi Bobbidi Boutique,872332811,1314907563,2022-07-17 23:27:25+00:00,img
row-31,2,Disney's Wilderness Lodge,871935551,1314545425,2022-07-17 01:50:06+00:00,img
row-32,1,Disney's Wilderness Lodge,871935555,1314545429,2022-07-17 01:50:04+00:00,img
row-32,2,Disney's Wilderness Lodge,871935552,1314545426,2022-07-17 01:50:02+00:00,img
row-33,1,Haunted Mansion,850517561,1294248609,2022-06-01 07:45:08+00:00,img
row-33,2,Haunted Mansion,849336286,1292984137,2022-05-29 17:57:43+00:00,img
row-33,3,Buzz Lightyear's Space Ranger Spin,850466096,1294194632,2022-06-01 00:57:05+00:00,img
row-34,1,Buzz Lightyear's Space Ranger Spin,850470535,1294198107,2022-06-01 00:57:05+00:00,video
row-34,2,Buzz Lightyear's Space Ranger Spin,850470403,1294198019,2022-06-01 00:57:02+00:00,video
row-35,1,Buzz Lightyear's Space Ranger Spin,850466092,1294194674,2022-06-01 00:57:02+00:00,img
row-35,2,Epcot Entrance,850425651,1294193177,2022-05-31 23:15:35+00:00,img
row-35,3,Epcot Entrance,850425531,1294193176,2022-05-31 23:15:22+00:00,img
row-36,1,Epcot Entrance,850423058,1294146843,2022-05-31 23:10:13+00:00,img
row-36,2,Epcot Entrance,850423071,1294146846,2022-05-31 23:10:13+00:00,img
row-37,1,Epcot Entrance,850422949,1294146795,2022-05-31 23:10:10+00:00,img
row-37,2,Epcot Entrance,850422960,1294146801,2022-05-31 23:10:09+00:00,img
row-38,1,Epcot Entrance,850422934,1294146771,2022-05-31 23:10:05+00:00,img
row-38,2,Epcot Entrance,850422918,1294146730,2022-05-31 23:10:04+00:00,img
row-39,1,Epcot Entrance,850422798,1294146600,2022-05-31 23:09:43+00:00,img
row-39,2,Epcot Entrance,850422803,1294146605,2022-05-31 23:09:43+00:00,img
row-40,1,Epcot Entrance,850422762,1294146567,2022-05-31 23:09:39+00:00,img
row-19,2,Outer reaches of the galaxy,872472998,1315062607,2022-07-18 13:56:03+00:00,img
row-20,1,Outer reaches of the galaxy,872472944,1315042116,2022-07-18 13:55:56+00:00,img
row-20,2,Outer reaches of the galaxy,872472957,1315042126,2022-07-18 13:55:55+00:00,img
row-21,1,Outer reaches of the galaxy,872472918,1315042094,2022-07-18 13:55:52+00:00,img
row-21,2,Outer reaches of the galaxy,872472908,1315042085,2022-07-18 13:55:51+00:00,img
row-22,1,Outer reaches of the galaxy,872472895,1315042074,2022-07-18 13:55:50+00:00,img
row-22,2,Outer reaches of the galaxy,872472917,1315042093,2022-07-18 13:55:49+00:00,img
row-23,1,Bibbidi Bobbidi Boutique,872337287,1314911722,2022-07-17 23:37:24+00:00,img
row-23,2,Bibbidi Bobbidi Boutique,872337276,1314911713,2022-07-17 23:37:23+00:00,img
row-23,3,Bibbidi Bobbidi Boutique,872337232,1314911672,2022-07-17 23:37:18+00:00,img
row-23,4,Bibbidi Bobbidi Boutique,872337221,1314911660,2022-07-17 23:37:15+00:00,img
row-24,1,Bibbidi Bobbidi Boutique,872336978,1314911438,2022-07-17 23:36:46+00:00,img
row-24,2,Bibbidi Bobbidi Boutique,872336975,1314911436,2022-07-17 23:36:45+00:00,img
row-24,3,Bibbidi Bobbidi Boutique,872336963,1314911425,2022-07-17 23:36:43+00:00,img
row-24,4,Bibbidi Bobbidi Boutique,872336957,1314911424,2022-07-17 23:36:41+00:00,img
row-25,1,Bibbidi Bobbidi Boutique,872333704,1314908324,2022-07-17 23:29:23+00:00,img
row-25,2,Bibbidi Bobbidi Boutique,872333697,1314908320,2022-07-17 23:29:22+00:00,img
row-26,1,Bibbidi Bobbidi Boutique,872333719,1314908336,2022-07-17 23:29:21+00:00,img
row-26,2,Bibbidi Bobbidi Boutique,872333568,1314908284,2022-07-17 23:29:13+00:00,img
row-26,3,Bibbidi Bobbidi Boutique,872333562,1314908278,2022-07-17 23:29:11+00:00,img
row-27,1,Bibbidi Bobbidi Boutique,872333552,1314908268,2022-07-17 23:29:09+00:00,img
row-27,2,Bibbidi Bobbidi Boutique,872333551,1314908266,2022-07-17 23:29:07+00:00,img
row-27,3,Bibbidi Bobbidi Boutique,872333283,1314907974,2022-07-17 23:28:30+00:00,img
row-27,4,Bibbidi Bobbidi Boutique,872333275,1314907964,2022-07-17 23:28:28+00:00,img
row-28,1,Bibbidi Bobbidi Boutique,872333219,1314907921,2022-07-17 23:28:19+00:00,img
row-28,2,Bibbidi Bobbidi Boutique,872333199,1314907901,2022-07-17 23:28:17+00:00,img
row-9,3,Italy at Epcot,872792725,1315330411,2022-07-18 22:56:02+00:00,img
row-10,1,Italy at Epcot,872792715,1315330400,2022-07-18 22:56:01+00:00,img
row-10,2,Italy at Epcot,872792711,1315330398,2022-07-18 22:56:00+00:00,img
row-10,3,Italy at Epcot,872792704,1315330392,2022-07-18 22:55:58+00:00,img
row-11,1,Italy at Epcot,872792672,1315330371,2022-07-18 22:55:42+00:00,img
row-11,2,Italy at Epcot,872792674,1315330372,2022-07-18 22:55:36+00:00,img
row-11,3,Italy at Epcot,872792673,1315330373,2022-07-18 22:55:35+00:00,img
row-12,1,Italy at Epcot,872792678,1315330376,2022-07-18 22:55:34+00:00,img
row-12,2,Italy at Epcot,872792664,1315330365,2022-07-18 22:55:31+00:00,img
row-12,3,Italy at Epcot,872792662,1315330363,2022-07-18 22:55:31+00:00,img
row-13,1,Italy at Epcot,872792663,1315330364,2022-07-18 22:55:31+00:00,img
row-13,2,Disney's Hollywood Studios,872632795,1315182414,2022-07-18 18:06:04+00:00,img
row-14,1,Disney's Hollywood Studios,872622886,1315173778,2022-07-18 17:50:16+00:00,img
row-14,2,Disney's Hollywood Studios,872622885,1315173777,2022-07-18 17:50:15+00:00,img
row-15,1,Disney's Hollywood Studios,872622890,1315173781,2022-07-18 17:50:15+00:00,img
row-15,2,Disney's Hollywood Studios,872622889,1315173780,2022-07-18 17:50:14+00:00,img
row-16,1,Disney's Hollywood Studios,872622872,1315173768,2022-07-18 17:50:13+00:00,img
row-16,2,Disney's Hollywood Studios,872622669,1315173640,2022-07-18 17:49:59+00:00,img
row-17,1,Disney's Hollywood Studios,872622632,1315173606,2022-07-18 17:49:56+00:00,img
row-17,2,Disney's Hollywood Studios,872622612,1315173586,2022-07-18 17:49:54+00:00,img
row-17,3,Disney's Hollywood Studios,872622609,1315173585,2022-07-18 17:49:53+00:00,img
row-17,4,Disney's Hollywood Studios,872622473,1315173480,2022-07-18 17:49:36+00:00,img
row-18,1,Disney's Hollywood Studios,872622423,1315173416,2022-07-18 17:49:35+00:00,img
row-18,2,Disney's Hollywood Studios,872622381,1315173357,2022-07-18 17:49:32+00:00,img
row-18,3,Disney's Hollywood Studios,872622356,1315173334,2022-07-18 17:49:30+00:00,img
row-19,1,Disney's Hollywood Studios,872622355,1315173337,2022-07-18 17:49:29+00:00,img
row-0,1,Morocco at Epcot,872816020,1315352456,2022-07-18 23:47:41+00:00,img
row-0,2,Morocco at Epcot,872808759,1315356033,2022-07-18 23:30:17+00:00,img
row-0,3,Morocco at Epcot,872808696,1315345012,2022-07-18 23:29:57+00:00,img
row-1,1,Morocco at Epcot,872808519,1315344837,2022-07-18 23:29:55+00:00,img
row-1,2,Morocco at Epcot,872808773,1315345099,2022-07-18 23:29:54+00:00,img
row-1,3,Morocco at Epcot,872808758,1315345083,2022-07-18 23:29:53+00:00,img
row-1,4,Japan at Epcot,872812562,1315348454,2022-07-18 23:40:06+00:00,img
row-2,1,Japan at Epcot,872806069,1315367392,2022-07-18 23:24:14+00:00,img
row-2,2,Japan at Epcot,872805959,1315342812,2022-07-18 23:24:05+00:00,img
row-2,3,Japan at Epcot,872805952,1315342801,2022-07-18 23:24:04+00:00,img
row-3,1,Japan at Epcot,872805953,1315342805,2022-07-18 23:24:03+00:00,img
row-3,2,Japan at Epcot,872805865,1315342724,2022-07-18 23:23:52+00:00,img
row-4,1,Japan at Epcot,872805842,1315342697,2022-07-18 23:23:50+00:00,img
row-4,2,Japan at Epcot,872805806,1315342670,2022-07-18 23:23:44+00:00,img
row-5,1,Japan at Epcot,872805802,1315342664,2022-07-18 23:23:43+00:00,img
row-5,2,Japan at Epcot,872805815,1315342677,2022-07-18 23:23:42+00:00,img
row-5,3,Japan at Epcot,872805779,1315342646,2022-07-18 23:23:41+00:00,img
row-6,1,Japan at Epcot,872805749,1315342625,2022-07-18 23:23:35+00:00,img
row-6,2,Japan at Epcot,872805742,1315342615,2022-07-18 23:23:33+00:00,img
row-6,3,Japan at Epcot,872805736,1315342611,2022-07-18 23:23:32+00:00,img
row-7,1,Japan at Epcot,872805738,1315342612,2022-07-18 23:23:32+00:00,img
row-7,2,Japan at Epcot,872805739,1315342613,2022-07-18 23:23:32+00:00,img
row-8,1,Japan at Epcot,872805743,1315342616,2022-07-18 23:23:32+00:00,img
row-8,2,Italy at Epcot,872800923,1315337531,2022-07-18 23:12:27+00:00,img
row-9,1,Italy at Epcot,872792737,1315330423,2022-07-18 22:56:04+00:00,img
row-9,2,Italy at Epcot,872792724,1315330410,2022-07-18 22:56:03+00:00,img
